"Country"	"Latitude"	"Longitude"	"SiteName"	"Period"	"PhaseCode"	"LabCode"	"C14BP"	"C14SD"	"Material"	"bib"	"bib_url"
"France"	44.74	1.83	"Roucadour"	"LMEN"	"n/a"	"GSY-36A"	5940	140	"CE"	"Ammerman et Cavali-Sforza 1971"	"Ammerman71"
"France"	43.29	2.4	"Gazel"	"LM"	"Porche F6"	"GrN-6704"	7880	75	"WC"	"Barbazza et al. 1984"	"Barbaza84"
"France"	44.52	4.82	"Espeluche-Lalo"	"EN"	"St. 76"	"AA-32638"	6560	85	"WC"	"Beeching et al. 2000"	"Beeching00"
"France"	44.52	4.82	"Espeluche-Lalo"	"LM"	"St. 8"	"AA-32642"	7315	65	"WC"	"Beeching et al. 2000"	"Beeching00"
"France"	44.52	4.82	"Espeluche-Lalo"	"EN"	"St. 73"	"AA-32639"	6520	65	"WC"	"Beeching et al. 2000"	"Beeching00"
"France"	44.52	4.82	"Espeluche-Lalo"	"EN"	"St. 120"	"AA-32641"	6585	60	"WC"	"Beeching et al. 2000"	"Beeching00"
"France"	44.27	4.42	"Baume de Montclus"	"EN"	"n/a"	"KN-1181"	6640	55	"WC"	"Binder 1987"	"Binder87"
"France"	44.27	4.42	"Baume de Montclus"	"EN"	"n/a"	"KN-1180"	6220	50	"WC"	"Binder 1987"	"Binder87"
"France"	43.58	6.215	"Fontbregoua"	"EN"	"C41"	"Ly-3748"	5880	130	"F"	"Binder 1995"	"Binder95"
"France"	43.58	6.215	"Fontbregoua"	"EN"	"C46F"	"Ly-6491"	5910	135	"WC"	"Binder 1995"	"Binder95"
"France"	43.58	6.215	"Fontbregoua"	"EN"	"C45"	"Gif-2989"	6180	120	"WC"	"Binder 1995"	"Binder95"
"France"	43.58	6.215	"Fontbregoua"	"EN"	"C41"	"Ly-4374"	6080	120	"WC"	"Binder 1995"	"Binder95"
"France"	43.58	6.215	"Fontbregoua"	"EN"	"C47"	"Gif-2990"	6700	100	"WC"	"Binder 1995"	"Binder95"
"France"	43.58	6.215	"Fontbregoua"	"EN"	"C43F"	"Ly-4373"	6120	100	"WC"	"Binder 1995"	"Binder95"
"France"	43.58	6.215	"Fontbregoua"	"EN"	"C45"	"Ly-6492"	6125	90	"WC"	"Binder 1995"	"Binder95"
"France"	44.27	4.69	"Petites-Baties"	"EN"	"St 7192"	"Beta-103862"	6290	50	"WC"	"Binder et al. 2002"	"Binder02"
"France"	44.27	4.69	"Petites-Baties"	"EN"	"St 13837"	"Beta-103868"	6270	50	"WC"	"Binder et al. 2002"	"Binder02"
"France"	44.27	4.69	"Petites-Baties"	"EN"	"St 3826"	"Beta-103867"	6230	50	"WC"	"Binder et al. 2002"	"Binder02"
"France"	43.38	5.16	"Font-des-Pigeons"	"LM"	"US 18G3"	"LTL-15419A"	7382	50	"CE"	"Binder et al. 2017"	"10.15184/aqy.2017.65"
"France"	43.38	5.16	"Font-des-Pigeons"	"LM"	"US 18G"	"Beta-267434"	6250	40	"CE"	"Binder et al. 2017"	"10.15184/aqy.2017.65"
"France"	43.38	5.16	"Font-des-Pigeons"	"LM"	"US 19B"	"LTL-15949A"	7573	60	"WC"	"Binder et al. 2017"	"10.15184/aqy.2017.65"
"France"	43.38	5.16	"Font-des-Pigeons"	"LM"	"US 18H"	"LTL-15416A"	7369	55	"WC"	"Binder et al. 2017"	"10.15184/aqy.2017.65"
"France"	43.38	5.16	"Font-des-Pigeons"	"LM"	"US 18G3"	"LTL-15786A"	7357	50	"WC"	"Binder et al. 2017"	"10.15184/aqy.2017.65"
"France"	43.38	5.16	"Font-des-Pigeons"	"LM"	"US 18G3"	"LTL-15785A"	6633	50	"WC"	"Binder et al. 2017"	"10.15184/aqy.2017.65"
"France"	43.38	5.16	"Font-des-Pigeons"	"LM"	"US 18B"	"LTL-15782A"	6539	45	"WC"	"Binder et al. 2017"	"10.15184/aqy.2017.65"
"France"	43.38	5.16	"Font-des-Pigeons"	"LM"	"US 19B"	"LTL-15950A"	6400	45	"WC"	"Binder et al. 2017"	"10.15184/aqy.2017.65"
"France"	43.38	5.16	"Font-des-Pigeons"	"EN"	"US 17"	"LTL-15951A"	6284	45	"WC"	"Binder et al. 2017"	"10.15184/aqy.2017.65"
"France"	43.38	5.16	"Font-des-Pigeons"	"EN"	"US 17"	"LTL-15948A"	6228	45	"WC"	"Binder et al. 2017"	"10.15184/aqy.2017.65"
"France"	43.38	5.16	"Font-des-Pigeons"	"EN"	"US 15N"	"LTL-15783A"	6207	45	"WC"	"Binder et al. 2017"	"10.15184/aqy.2017.65"
"France"	43.38	5.16	"Font-des-Pigeons"	"EN"	"US 16"	"LTL-15784A"	5999	45	"WC"	"Binder et al. 2017"	"10.15184/aqy.2017.65"
"France"	43.38	5.16	"Font-des-Pigeons"	"EN"	"US 11"	"LTL-15780A"	5988	45	"WC"	"Binder et al. 2017"	"10.15184/aqy.2017.65"
"France"	43.38	5.16	"Font-des-Pigeons"	"EN"	"US 11"	"LTL-15781A"	5970	45	"WC"	"Binder et al. 2017"	"10.15184/aqy.2017.65"
"France"	43.5147	3.27	"La Resclauze"	"EN"	"C12A"	"MC-1227"	6450	100	"WC"	"Binder et al. 2018"	"10.4312/dp.44.4"
"France"	43.31	3.33	"Peiro Signado"	"EN"	"n/a"	"Ly-5689"	6925	45	"SE"	"Binder et al. 2018"	"10.4312/dp.44.4"
"France"	43.31	3.33	"Peiro Signado"	"EN"	"n/a"	"Ly-5688"	6910	40	"SE"	"Binder et al. 2018"	"10.4312/dp.44.4"
"France"	43.31	3.33	"Peiro Signado"	"EN"	"Structure 1"	"Ly-8400"	6840	55	"WC"	"Binder et al. 2018"	"10.4312/dp.44.4"
"France"	43.31	3.33	"Peiro Signado"	"EN"	"Structure 7"	"Ly-8399"	6770	55	"WC"	"Binder et al. 2018"	"10.4312/dp.44.4"
"France"	43.806724	7.497243	"Pendimoun"	"EN"	"US 41678"	"LTL-8006A"	6649	45	"CE"	"Binder et al. 2018"	"10.4312/dp.44.4"
"France"	43.806724	7.497243	"Pendimoun"	"EN"	"US 41678"	"LTL-8005A"	6599	45	"CE"	"Binder et al. 2018"	"10.4312/dp.44.4"
"France"	43.806724	7.497243	"Pendimoun"	"EN"	"US 28781-sup"	"LTL-15940A"	6399	45	"CE"	"Binder et al. 2018"	"10.4312/dp.44.4"
"France"	43.806724	7.497243	"Pendimoun"	"EN"	"US 47799-inf"	"LTL-13787A"	6666	45	"SE"	"Binder et al. 2018"	"10.4312/dp.44.4"
"France"	43.806724	7.497243	"Pendimoun"	"EN"	"US 47801"	"LTL-8001A"	6600	45	"SE"	"Binder et al. 2018"	"10.4312/dp.44.4"
"France"	43.806724	7.497243	"Pendimoun"	"EN"	"US 47799-sup"	"LTL-13788A"	6547	45	"SE"	"Binder et al. 2018"	"10.4312/dp.44.4"
"France"	43.806724	7.497243	"Pendimoun"	"EN"	"US 47801"	"LTL-8002A"	6539	45	"SE"	"Binder et al. 2018"	"10.4312/dp.44.4"
"France"	43.806724	7.497243	"Pendimoun"	"EN"	"US 18364"	"LTL-8011A"	6507	45	"SE"	"Binder et al. 2018"	"10.4312/dp.44.4"
"France"	43.806724	7.497243	"Pendimoun"	"EN"	"US 47800"	"LTL-8004A"	6507	45	"SE"	"Binder et al. 2018"	"10.4312/dp.44.4"
"France"	43.806724	7.497243	"Pendimoun"	"EN"	"US 18364"	"LTL-8012A"	6499	45	"SE"	"Binder et al. 2018"	"10.4312/dp.44.4"
"France"	43.806724	7.497243	"Pendimoun"	"EN"	"US 47800"	"LTL-8003A"	6452	45	"SE"	"Binder et al. 2018"	"10.4312/dp.44.4"
"France"	43.806724	7.497243	"Pendimoun"	"EN"	"US 19001"	"LTL-8008A"	6337	45	"SE"	"Binder et al. 2018"	"10.4312/dp.44.4"
"France"	43.806724	7.497243	"Pendimoun"	"EN"	"US 42370"	"LTL-8010A"	6328	45	"SE"	"Binder et al. 2018"	"10.4312/dp.44.4"
"France"	43.806724	7.497243	"Pendimoun"	"EN"	"US 42370"	"LTL-8009A"	6241	45	"SE"	"Binder et al. 2018"	"10.4312/dp.44.4"
"France"	43.806724	7.497243	"Pendimoun"	"EN"	"US 19001"	"LTL-8007A"	6170	45	"SE"	"Binder et al. 2018"	"10.4312/dp.44.4"
"France"	43.806724	7.497243	"Pendimoun"	"EN"	"US 19000"	"LTL-14104A"	6466	40	"SE"	"Binder et al. 2018"	"10.4312/dp.44.4"
"France"	43.806724	7.497243	"Pendimoun"	"EN"	"US 5711"	"Ly-1713 (GrA-20195)"	6790	50	"WC"	"Binder et al. 2018"	"10.4312/dp.44.4"
"France"	43.806724	7.497243	"Pendimoun"	"EN"	"US 28781-inf"	"LTL-15941A"	6803	45	"WC"	"Binder et al. 2018"	"10.4312/dp.44.4"
"France"	43.806724	7.497243	"Pendimoun"	"EN"	"US 29203"	"LTL-15942A"	6745	45	"WC"	"Binder et al. 2018"	"10.4312/dp.44.4"
"France"	43.58	6.215	"Fontbregoua"	"EN"	"St H2-9-10"	"GrA-38336"	6390	40	"H"	"Binder et Sénépart 2010"	"Binder10"
"France"	43.58	6.215	"Fontbregoua"	"EN"	"St H1-3"	"GrA-38522"	6115	35	"H"	"Binder et Sénépart 2010"	"Binder10"
"France"	43.58	6.215	"Fontbregoua"	"EN"	"St H3-C"	"GrA-38332"	6110	35	"H"	"Binder et Sénépart 2010"	"Binder10"
"France"	43.58	6.215	"Fontbregoua"	"EN"	"Sep-H3 mix"	"n/a"	6082	35	"H"	"Binder et Sénépart 2010"	"Binder10"
"France"	43.58	6.215	"Fontbregoua"	"EN"	"St H3-B"	"GrA-38329"	6055	35	"H"	"Binder et Sénépart 2010"	"Binder10"
"France"	43.58	6.215	"Fontbregoua"	"EN"	"Sep-H1 mix"	"n/a"	6086	33	"H"	"Binder et Sénépart 2010"	"Binder10"
"France"	43.58	6.215	"Fontbregoua"	"EN"	"St H1-2"	"GrA-38335"	6065	30	"H"	"Binder et Sénépart 2010"	"Binder10"
"France"	43.806724	7.497243	"Pendimoun"	"EN"	"US 28889"	"GrA-29403"	6725	45	"CE"	"Binder et Sénépart 2010"	"Binder10"
"France"	43.806724	7.497243	"Pendimoun"	"EN"	"US 28889"	"GrA-29528"	6650	45	"CE"	"Binder et Sénépart 2010"	"Binder10"
"France"	43.806724	7.497243	"Pendimoun"	"EN"	"Sector North, Burial H2, US43000"	"GrA-32061"	6450	40	"H"	"Binder et Sénépart 2010"	"Binder10"
"France"	43.806724	7.497243	"Pendimoun"	"EN"	"Sector South, Burial F1"	"GrA-26893"	6445	40	"H"	"Binder et Sénépart 2010"	"Binder10"
"France"	43.806724	7.497243	"Pendimoun"	"EN"	"Sector North, Burial F2"	"GrA-26894"	6440	40	"H"	"Binder et Sénépart 2010"	"Binder10"
"France"	43.806724	7.497243	"Pendimoun"	"EN"	"US 2067"	"GrA-26895"	6605	40	"SE"	"Binder et Sénépart 2010"	"Binder10"
"France"	43.806724	7.497243	"Pendimoun"	"EN"	"Sector North"	"GrA-26897"	6500	40	"SE"	"Binder et Sénépart 2010"	"Binder10"
"France"	43.806724	7.497243	"Pendimoun"	"MN"	"US 14647"	"GrA-32944"	6275	40	"SE"	"Binder et Sénépart 2010"	"Binder10"
"France"	43.806724	7.497243	"Pendimoun"	"EN"	"UE 5770"	"Gif-A101334"	6790	90	"WC"	"Binder et Sénépart 2010"	"Binder10"
"France"	43.806724	7.497243	"Pendimoun"	"MN"	"US 21696"	"GrA-23532"	6130	60	"WC"	"Binder et Sénépart 2010"	"Binder10"
"France"	43.806724	7.497243	"Pendimoun"	"MN"	"US 21696"	"GrA-23533"	6050	60	"WC"	"Binder et Sénépart 2010"	"Binder10"
"France"	43.806724	7.497243	"Pendimoun"	"MN"	"US 14549 "	"GrA-29401"	6160	45	"WC"	"Binder et Sénépart 2010"	"Binder10"
"France"	43.806724	7.497243	"Pendimoun"	"MN"	"US 16657 "	"GrA-29402"	6155	45	"WC"	"Binder et Sénépart 2010"	"Binder10"
"France"	43.31	3.35	"Pont de Roque-Haute"	"EN"	"F4"	"Ly-7222"	5240	370	"WC"	"Binder et Sénépart 2010"	"Binder10"
"France"	43.31	3.35	"Pont de Roque-Haute"	"EN"	"F1"	"Ly-9879 (SacA-32046)"	7010	60	"CE"	"Bogdanovic 2017"	"Bodganovic17"
"France"	43.31	3.35	"Pont de Roque-Haute"	"EN"	"F1 base"	"Beta-398950"	6920	30	"CE"	"Bogdanovic 2017"	"Bodganovic17"
"France"	43.15	1.18333	"Abri du Buholoup"	"MN"	"n/a"	"Gif-5497"	5490	120	"WC"	"Briois et Vaquer 2009"	"Briois09"
"France"	43.15	1.18333	"Abri du Buholoup"	"LM"	"C4"	"Ly-6814"	7645	81	"WC"	"Briois et Vaquer 2009"	"Briois09"
"France"	43.15	1.18333	"Abri du Buholoup"	"LM"	"C3"	"Ly-1090 (OxA) "	7952	62	"WC"	"Briois et Vaquer 2009"	"Briois09"
"France"	43.15	1.18333	"Abri du Buholoup"	"EN"	"C2b"	"Ly-1089"	6131	54	"WC"	"Briois et Vaquer 2009"	"Briois09"
"France"	43.33	2.6	"Balma de Labeurador"	"EN"	"C2bc"	"MC-2145"	6260	90	"WC"	"Chabal et Heinz 2020 "	"10.1016/j.quaint.2020.10.080"
"France"	42.72	2.62	"Cauna de Belesta"	"MN"	"n/a"	"Ly-5104"	5165	125	"WC"	"Claustre 1992"	"Claustre92"
"France"	42.72	2.62	"Cauna de Belesta"	"MN"	"n/a"	"Ly-3302"	5640	120	"WC"	"Claustre 1992"	"Claustre92"
"France"	43.58	3.36	"Baume de Bourbon"	"EN"	"C5"	"Ly-538"	6180	180	"WC"	"Coste et al. 1976"	"Coste76"
"France"	43.58	3.36	"Baume de Bourbon"	"EN"	"C5"	"MC-794"	6080	100	"WC"	"Coste et al. 1976"	"Coste76"
"France"	44.32	4.47	"Baume d'Oullins"	"EN"	"C6"	"ETH-27973"	6265	65	"F"	"Courtin 1976"	"Courtin76"
"France"	44.32	4.47	"Baume d'Oullins"	"EN"	"C6"	"MC-2034"	6630	110	"WC"	"Courtin 1976"	"Courtin76"
"France"	43.38	5.16	"Font-des-Pigeons"	"EN"	"F5"	"Ly-623"	6070	490	"n/a"	"Courtin et al. 1985"	"Courtin85"
"France"	43.38	5.16	"Font-des-Pigeons"	"EN"	"FI"	"Ly-622"	5910	290	"n/a"	"Courtin et al. 1985"	"Courtin85"
"France"	43.38	5.16	"Font-des-Pigeons"	"EN"	"cail. 5"	"MC-531T"	6760	100	"SH"	"Courtin et al. 1985"	"Courtin85"
"France"	43.38	5.16	"Font-des-Pigeons"	"LM"	"foyer 7"	"Ly-624"	5780	240	"WC"	"Courtin et al. 1985"	"Courtin85"
"France"	43.38	5.16	"Font-des-Pigeons"	"LM"	"cail. 8B"	"Ly-448"	7270	220	"WC"	"Courtin et al. 1985"	"Courtin85"
"France"	43.38	5.16	"Font-des-Pigeons"	"LM"	"cail. 8C"	"Ly-438"	7830	170	"WC"	"Courtin et al. 1985"	"Courtin85"
"France"	43.38	5.16	"Font-des-Pigeons"	"EN"	"C13"	"Ly-2827"	6200	160	"WC"	"Courtin et al. 1985"	"Courtin85"
"France"	43.38	5.16	"Font-des-Pigeons"	"LM"	"C20"	"Ly-2833"	7630	150	"WC"	"Courtin et al. 1985"	"Courtin85"
"France"	43.38	5.16	"Font-des-Pigeons"	"LM"	"C19"	"Ly-2831"	6720	140	"WC"	"Courtin et al. 1985"	"Courtin85"
"France"	43.38	5.16	"Font-des-Pigeons"	"EN"	"C6"	"Ly-446"	6430	140	"WC"	"Courtin et al. 1985"	"Courtin85"
"France"	43.38	5.16	"Font-des-Pigeons"	"EN"	"C12"	"Ly-2826"	5900	140	"WC"	"Courtin et al. 1985"	"Courtin85"
"France"	43.38	5.16	"Font-des-Pigeons"	"LM"	"C19"	"Ly-2832"	7290	130	"WC"	"Courtin et al. 1985"	"Courtin85"
"France"	43.38	5.16	"Font-des-Pigeons"	"MN"	"C2"	"Ly-2824"	5460	130	"WC"	"Courtin et al. 1985"	"Courtin85"
"France"	43.38	5.16	"Font-des-Pigeons"	"LM"	"cail. 7"	"Ly-447"	6420	120	"WC"	"Courtin et al. 1985"	"Courtin85"
"France"	43.38	5.16	"Font-des-Pigeons"	"MN"	"C6"	"Ly-2825"	5590	120	"WC"	"Courtin et al. 1985"	"Courtin85"
"France"	43.38	5.16	"Font-des-Pigeons"	"LM"	"cail. 8B"	"MC-533"	7525	100	"WC"	"Courtin et al. 1985"	"Courtin85"
"France"	43.38	5.16	"Font-des-Pigeons"	"LM"	"cail. 7A"	"MC-532"	7360	100	"WC"	"Courtin et al. 1985"	"Courtin85"
"France"	43.38	5.16	"Font-des-Pigeons"	"LM"	"C18G"	"Ly-2830"	7260	100	"WC"	"Courtin et al. 1985"	"Courtin85"
"France"	43.38	5.16	"Font-des-Pigeons"	"LM"	"C18"	"MC-2516"	7220	100	"WC"	"Courtin et al. 1985"	"Courtin85"
"France"	43.38	5.16	"Font-des-Pigeons"	"EN"	"C17"	"MC-2515"	6900	100	"WC"	"Courtin et al. 1985"	"Courtin85"
"France"	43.38	5.16	"Font-des-Pigeons"	"EN"	"C5"	"MC-531A"	6780	100	"WC"	"Courtin et al. 1985"	"Courtin85"
"France"	43.38	5.16	"Font-des-Pigeons"	"EN"	"cail. S"	"MC-531L"	6760	100	"WC"	"Courtin et al. 1985"	"Courtin85"
"France"	43.38	5.16	"Font-des-Pigeons"	"EN"	"C16A"	"Ly-2828"	6550	100	"WC"	"Courtin et al. 1985"	"Courtin85"
"France"	43.38	5.16	"Font-des-Pigeons"	"EN"	"C17"	"Ly-2829"	6200	100	"WC"	"Courtin et al. 1985"	"Courtin85"
"France"	43.38	5.16	"Font-des-Pigeons"	"EN"	"C9"	"MC-941"	6070	100	"WC"	"Courtin et al. 1985"	"Courtin85"
"France"	43.38	5.16	"Font-des-Pigeons"	"EN"	"C11"	"MC-942"	6050	100	"WC"	"Courtin et al. 1985"	"Courtin85"
"France"	43.38	5.16	"Font-des-Pigeons"	"EN"	"C7-8"	"MC-2514"	6050	100	"WC"	"Courtin et al. 1985"	"Courtin85"
"France"	43.38	5.16	"Font-des-Pigeons"	"EN"	"FI"	"KN-1399"	6050	80	"WC"	"Courtin et al. 1985"	"Courtin85"
"France"	43.38	5.16	"Font-des-Pigeons"	"EN"	"F5"	"KN-1182"	7160	50	"WC"	"Courtin et al. 1985"	"Courtin85"
"France"	43.38	5.16	"Font-des-Pigeons"	"EN"	"FI"	"Kn-1208"	6140	50	"WC"	"Courtin et al. 1985"	"Courtin85"
"France"	43.38	5.16	"Font-des-Pigeons"	"EN"	"F5"	"KN-1449"	6100	40	"WC"	"Courtin et al. 1985"	"Courtin85"
"France"	44.092609	4.852488	"Le Baratin"	"EN"	"Hutte 1"	"Gif-1855"	6600	140	"WC"	"Courtin72"	"10.2307/27916669"
"France"	44.13	5.96	"Frigouras"	"EN"	"S27"	"Gif-8479"	5450	100	"WC"	"Davison et al. 2007"	"Davison07"
"France"	44.17	3.17	"Combe Greze"	"LM"	"n/a"	"Gif-446"	6420	180	"WC"	"Delibrias et al. 1970"	"10.1017/S0033822200008171"
"France"	44.01	5.17	"Grotte d'Unang"	"EN"	"foyer"	"Gif-1796"	5950	130	"WC"	"Delibrias et al. 1974"	"Delibrias74"
"France"	42.48	2.65	"Montbolo"	"EN"	"Upper gallery"	"Gif-1709"	6450	170	"WC"	"Delibrias et al. 1974"	"Delibrias74"
"France"	43.58	6.215	"Fontbregoua"	"EN"	"C42"	"Gif-2757"	5690	190	"WC"	"Delibrias et al. 1982"	"Delibrias82"
"France"	43.58	6.215	"Fontbregoua"	"EN"	"C43"	"Gif-2988"	5700	150	"WC"	"Delibrias et al. 1982"	"Delibrias82"
"France"	43.58	6.215	"Fontbregoua"	"EN"	"C40"	"Gif-2756"	5690	130	"WC"	"Delibrias et al. 1982"	"Delibrias82"
"France"	43.9	3.73	"Grotte de l'Abbe Pialat"	"LM"	"C7"	"MC-1291"	7820	100	"WC"	"Delibrias et al. 1982"	"Delibrias82a"
"France"	43.9	3.73	"Grotte de l'Abbe Pialat"	"EN"	"C5B"	"MC-1290"	6070	100	"WC"	"Delibrias et al. 1982"	"Delibrias82a"
"France"	44.12	3.18	"La Poujade"	"LMEN"	"C8A2"	"MC-2371"	6850	130	"WC"	"Delibrias et al. 1982"	"Delibrias82a"
"France"	44.12	3.18	"La Poujade"	"LMEN"	"C7C4"	"MC-2188"	6710	130	"WC"	"Delibrias et al. 1982"	"Delibrias82a"
"France"	44.12	3.18	"La Poujade"	"LMEN"	"C8A"	"MC-2251"	6500	130	"WC"	"Delibrias et al. 1982"	"Delibrias82a"
"France"	44.12	3.18	"La Poujade"	"LMEN"	"C7A"	"MC-1367"	6990	120	"WC"	"Delibrias et al. 1982"	"Delibrias82a"
"France"	44.12	3.18	"La Poujade"	"LMEN"	"C7C2"	"MC-2187"	6620	120	"WC"	"Delibrias et al. 1982"	"Delibrias82a"
"France"	45.08	5.39	"Balme Rousse"	"LMEN"	"n/a"	"Ly-3043"	6020	150	"F"	"Delibrias et al. 1987"	"10.3406/bspf.1987.9833"
"France"	43.29	2.4	"Gazel"	"EN"	"C4"	"Gif-2401"	6810	130	"WC"	"Delibrias et Evin 1980"	"10.3406/bspf.1980.5271"
"France"	43.29	2.4	"Gazel"	"EN"	"GIII-SCS-L2"	"Ly-2241"	6150	45	"WC"	"Elbiali 1989"	"Elbiali89"
"France"	43.29	2.4	"Gazel"	"EN"	"C4"	"GrN-6702"	6905	90	"WC"	"Evin et al. 1973"	"Evin73"
"France"	45.19	5.49	"Pas de Lechelle"	"LMEN"	"D3-D4"	"Ly-7094"	6940	65	"F"	"Evin et Bintz 2002"	"Evin02"
"France"	44.27	4.42	"Baume d'Oullins"	"EN"	"n/a"	"AA-53292"	6210	69	"F"	"García-Puchol et Salazar-Garcia 2017"	"10.1007/978-3-319-52939-4"
"France"	44.27	4.42	"Baume d'Oullins"	"EN"	"C6A"	"AA-53294"	6233	64	"F"	"García-Puchol et Salazar-Garcia 2017"	"10.1007/978-3-319-52939-4"
"France"	44.27	4.42	"Baume d'Oullins"	"EN"	"C6B"	"AA-53291"	6233	64	"F"	"García-Puchol et Salazar-Garcia 2017"	"10.1007/978-3-319-52939-4"
"France"	44.27	4.42	"Baume d'Oullins"	"EN"	"C6A"	"AA-53296"	6191	63	"F"	"García-Puchol et Salazar-Garcia 2017"	"10.1007/978-3-319-52939-4"
"France"	44.27	4.42	"Baume d'Oullins"	"EN"	"Cc5"	"AA-53293"	6168	63	"F"	"García-Puchol et Salazar-Garcia 2017"	"10.1007/978-3-319-52939-4"
"France"	43.685	6.824	"Lombard"	"EN"	"C5A"	"Ly-4157 (SacA-7414)"	6165	35	"F"	"García-Puchol et Salazar-Garcia 2017"	"10.1007/978-3-319-52939-4"
"France"	43.685	6.824	"Lombard"	"EN"	"C5A"	"Ly-4156 (SacA-7413)"	6280	30	"F"	"García-Puchol et Salazar-Garcia 2017"	"10.1007/978-3-319-52939-4"
"France"	43.29	2.4	"Gazel"	"EN"	"SCS-C2d"	"GrN-6706"	6145	65	"WC"	"Guilaine 1974"	"Guilaine74"
"France"	43.29	2.4	"Gazel"	"EN"	"SCS-C2c"	"GrN-6705"	6090	65	"WC"	"Guilaine 1974"	"Guilaine74"
"France"	43.29	2.4	"Gazel"	"EN"	"SCS-C2f"	"GrN-6707"	6350	55	"WC"	"Guilaine 1974"	"Guilaine74"
"France"	43.3	2.34	"Font-Juvenal"	"MN"	"C11"	"Ly-4771"	5645	160	"WC"	"Guilaine et al. 1974"	"Guilaine74a"
"France"	43.3	2.34	"Font-Juvenal"	"MN"	"C10"	"Ly-4773"	5670	110	"WC"	"Guilaine et al. 1974"	"Guilaine74a"
"France"	43.3	2.34	"Font-Juvenal"	"EN"	"C12"	"MC-499"	5850	100	"WC"	"Guilaine et al. 1974"	"Guilaine74a"
"France"	43.3	2.34	"Font-Juvenal"	"MN"	"C11"	"MC-498"	5540	100	"WC"	"Guilaine et al. 1974"	"Guilaine74a"
"France"	43.3	2.34	"Font-Juvenal"	"MN"	"C10"	"MC-497"	5350	100	"WC"	"Guilaine et al. 1974"	"Guilaine74a"
"France"	43.3	2.34	"Font-Juvenal"	"EN"	"C14"	"Ly-4770"	6235	85	"WC"	"Guilaine et al. 1974"	"Guilaine74a"
"France"	42.83	3.01	"Correge-Leucate"	"EN"	"Point 1"	"Gif-2749"	5900	140	"WC"	"Guilaine et al. 1984"	"Guilaine84"
"France"	42.83	3.01	"Correge-Leucate"	"EN"	"Point 1"	"Gif-2747"	5410	140	"WC"	"Guilaine et al. 1984"	"Guilaine84"
"France"	42.83	3.01	"Correge-Leucate"	"EN"	"Point 1"	"MC-788"	6800	90	"WC"	"Guilaine et al. 1984"	"Guilaine84"
"France"	42.78	2.08	"Dourgne"	"MN"	"C6"	"MC-780"	4250	120	"WC"	"Guilaine et al. 1993"	"Guilaine93"
"France"	42.78	2.08	"Dourgne"	"LM"	"C7"	"MC-1107"	6850	100	"WC"	"Guilaine et al. 1993"	"Guilaine93"
"France"	42.78	2.08	"Dourgne"	"EN"	"C6"	"MC-1104"	6470	100	"WC"	"Guilaine et al. 1993"	"Guilaine93"
"France"	42.78	2.08	"Dourgne"	"EN"	"C5"	"MC-1102"	6170	100	"WC"	"Guilaine et al. 1993"	"Guilaine93"
"France"	42.78	2.08	"Dourgne"	"MN"	"C6"	"MC-1105"	5550	80	"WC"	"Guilaine et al. 1993"	"Guilaine93"
"France"	42.78	2.08	"Dourgne"	"MN"	"C6"	"MC-1103"	5100	80	"WC"	"Guilaine et al. 1993"	"Guilaine93"
"France"	42.78	2.08	"Dourgne"	"MN"	"C5"	"MC-1100"	4860	75	"WC"	"Guilaine et al. 1993"	"Guilaine93"
"France"	43.47	6.52	"Colle Rousse"	"LM"	"n/a"	"Gif-8656"	7090	60	"WC"	"Hinz et al. 2012"	"Hinz12"
"France"	45.0461	3.86606	"Espaly Saint Marcel"	"EN"	"n/a"	"Ly-3710"	6240	110	"WC"	"Hinz et al. 2012"	"Hinz12"
"France"	44.343	4.753	"Saint Paul Trois Chateaux"	"LM"	"SN II"	"Ly-3958"	7000	140	"WC"	"Hinz et al. 2012"	"Hinz12"
"Corse"	42.1045370204646	9.40806311236511	"Casabianda"	"EN"	"Heath 1"	"MC-2243"	6670	150	"WC"	"Lanfranchi 1998"	"10.3406/bspf.1998.10840"
"France"	43.58	6.215	"Fontbregoua"	"EN"	"St H2-11"	"GrA-38334"	6240	35	"H"	"Le Bras et al  2010"	"Bras10"
"France"	49.22	3.51	"Le Parc du Chateau"	"LM"	"fosse 32"	"GrA-50887"	7820	50	"F"	"Leduc et Verjux 2014"	"Leduc14"
"France"	49.22	3.51	"Le Parc du Chateau"	"LM"	"sepulture 7"	"Ly-7097 "	6825	105	"H"	"Leduc et Verjux 2014"	"Leduc14"
"France"	49.22	3.51	"Le Parc du Chateau"	"LM"	"sepulture 3"	"Ly-4731"	6655	90	"H"	"Leduc et Verjux 2014"	"Leduc14"
"France"	49.22	3.51	"Le Parc du Chateau"	"LM"	"foyer 4"	"Ly-7972"	6930	85	"WC"	"Leduc et Verjux 2014"	"Leduc14"
"Corse"	42.4509735107422	8.66902828216558	"A Revellata"	"EN"	"US  III"	"Ly-6085"	6280	75	"WC"	"Lugliè 2018"	"10.1016/j.quaint.2017.12.032"
"Corse"	41.4147751551063	9.16223487449845	"Longone"	"EN"	"US 4.a.2"	"LgQ-617"	6320	140	"WC"	"Lugliè 2018"	"10.1016/j.quaint.2017.12.032"
"Corse"	41.5539660389688	8.95112472043439	"Renaghju"	"EN"	"US 104"	"Ly-8327"	6525	60	"WC"	"Lugliè 2018"	"10.1016/j.quaint.2017.12.032"
"Corse"	41.5539660389688	8.95112472043439	"Renaghju"	"EN"	"US 66"	"Ly-8328"	6095	45	"WC"	"Lugliè 2018"	"10.1016/j.quaint.2017.12.032"
"Corse"	41.5539660389688	8.95112472043439	"Renaghju"	"EN"	"US 61"	"Ly-9519"	6769	41	"WC"	"Lugliè 2018"	"10.1016/j.quaint.2017.12.032"
"France"	43.31	3.33	"Peiro Signado"	"EN"	"fosse 1"	"MC-1652"	6435	125	"WC"	"Manen et al. 2018"	"10.1017/RDC.2018.98"
"France"	43.31	3.35	"Pont de Roque-Haute"	"EN"	"F1"	"Beta-398952"	6910	30	"CE"	"Manen et al. 2018"	"10.1017/RDC.2018.98"
"France"	43.31	3.35	"Pont de Roque-Haute"	"EN"	"F1 base"	"Beta-398951"	6870	30	"CE"	"Manen et al. 2018"	"10.1017/RDC.2018.98"
"France"	43.31	3.33	"Pont de Roque-Haute"	"EN"	"n/a"	"Ly-245"	6745	70	"WC"	"Manen et al. 2018"	"10.1017/RDC.2018.98"
"France"	43.31	3.35	"Pont de Roque-Haute"	"EN"	"F2"	"Ly-7607"	6850	65	"WC"	"Manen et al. 2018"	"10.1017/RDC.2018.98"
"France"	44.25	4.37	"Aigle (Grotte de l')"	"EN"	"C5"	"Beta-433202"	6160	30	"F"	"Manen et al. 2019"	"10.1017/RDC.2018.98"
"France"	44.25	4.37	"Aigle (Grotte de l')"	"EN"	"C5"	"Beta-433203"	6130	30	"F"	"Manen et al. 2019"	"10.1017/RDC.2018.98"
"France"	44.25	4.37	"Aigle (Grotte de l')"	"EN"	"C5"	"Beta-433199"	6120	30	"F"	"Manen et al. 2019"	"10.1017/RDC.2018.98"
"France"	44.25	4.37	"Aigle (Grotte de l')"	"EN"	"C5"	"Beta-433200"	6070	30	"F"	"Manen et al. 2019"	"10.1017/RDC.2018.98"
"France"	44.25	4.37	"Aigle (Grotte de l')"	"EN"	"C5"	"Beta-433201"	5950	30	"F"	"Manen et al. 2019"	"10.1017/RDC.2018.98"
"France"	44.25	4.37	"Aigle (Grotte de l')"	"EN"	"C5"	"MC-1251"	6050	120	"WC"	"Manen et al. 2019"	"10.1017/RDC.2018.98"
"France"	44.25	4.37	"Aigle (Grotte de l')"	"EN"	"C5"	"MC-563"	6200	100	"WC"	"Manen et al. 2019"	"10.1017/RDC.2018.98"
"France"	44.27	4.42	"Baume d'Oullins"	"EN"	"C6"	"ETH-27975"	6360	60	"F"	"Manen et al. 2019"	"10.1017/RDC.2018.98"
"France"	43.49	2.89	"Camprafaud"	"EN"	"C19A"	"Beta-433208"	6280	30	"F"	"Manen et al. 2019"	"10.1017/RDC.2018.98"
"France"	43.49	2.89	"Camprafaud"	"EN"	"C20"	"Beta-433204"	6260	30	"F"	"Manen et al. 2019"	"10.1017/RDC.2018.98"
"France"	43.49	2.89	"Camprafaud"	"EN"	"C19"	"Beta-433207"	6220	30	"F"	"Manen et al. 2019"	"10.1017/RDC.2018.98"
"France"	43.49	2.89	"Camprafaud"	"EN"	"C19"	"Beta-433206"	6210	30	"F"	"Manen et al. 2019"	"10.1017/RDC.2018.98"
"France"	43.49	2.89	"Camprafaud"	"EN"	"C20"	"Beta-433205"	6210	30	"F"	"Manen et al. 2019"	"10.1017/RDC.2018.98"
"France"	43.49	2.89	"Camprafaud"	"EN"	"C18"	"Beta-433209"	6190	30	"F"	"Manen et al. 2019"	"10.1017/RDC.2018.98"
"France"	42.83	3.01	"Correge-Leucate"	"EN"	"Point 2"	"Beta-398929"	6320	30	"F"	"Manen et al. 2019"	"10.1017/RDC.2018.98"
"France"	42.83	3.01	"Correge-Leucate"	"EN"	"Point 1"	"Beta-398927"	6280	30	"F"	"Manen et al. 2019"	"10.1017/RDC.2018.98"
"France"	42.83	3.01	"Correge-Leucate"	"EN"	"Point 1"	"Beta-398930"	6270	30	"F"	"Manen et al. 2019"	"10.1017/RDC.2018.98"
"France"	42.83	3.01	"Correge-Leucate"	"EN"	"n/a"	"Beta-398932"	6230	30	"F"	"Manen et al. 2019"	"10.1017/RDC.2018.98"
"France"	42.83	3.01	"Correge-Leucate"	"EN"	"Point 1"	"Beta-398928"	6210	30	"F"	"Manen et al. 2019"	"10.1017/RDC.2018.98"
"France"	42.83	3.01	"Correge-Leucate"	"EN"	"Point 1"	"Beta-398933"	6190	30	"F"	"Manen et al. 2019"	"10.1017/RDC.2018.98"
"France"	42.83	3.01	"Correge-Leucate"	"EN"	"Point 2"	"Beta-398931"	6120	30	"F"	"Manen et al. 2019"	"10.1017/RDC.2018.98"
"France"	43.29	2.4	"Gazel"	"EN"	"Eboulis_C3a"	"Beta-469931"	6140	30	"F"	"Manen et al. 2019"	"10.1017/RDC.2018.98"
"France"	43.29	2.4	"Gazel"	"EN"	"Porche_F8"	"Beta-398934"	6090	30	"F"	"Manen et al. 2019"	"10.1017/RDC.2018.98"
"France"	43.29	2.4	"Gazel"	"EN"	"Porche_F5"	"Beta-398936"	6060	30	"F"	"Manen et al. 2019"	"10.1017/RDC.2018.98"
"France"	43.29	2.4	"Gazel"	"EN"	"Eboulis_C3a"	"Beta-469930"	5910	30	"F"	"Manen et al. 2019"	"10.1017/RDC.2018.98"
"France"	43.29	2.4	"Gazel"	"EN"	"Porche_F7"	"Beta-398937"	5350	30	"F"	"Manen et al. 2019"	"10.1017/RDC.2018.98"
"France"	43.31	3.35	"Pont de Roque-Haute"	"EN"	"F1"	"Ly-245 (OxA)"	6745	70	"WC"	"Manen et Sabatier 2003"	"Manen03"
"France"	44.27	4.42	"Baume d'Oullins"	"EN"	"C6"	"ETH-27972"	6510	60	"F"	"Manning et al. 2016"	"10.5334/joad.40"
"France"	44.27	4.42	"Baume d'Oullins"	"EN"	"C6"	"ETH-27974"	6250	60	"F"	"Manning et al. 2016"	"10.5334/joad.40"
"France"	43.29	2.4	"Gazel"	"EN"	"GII-SCN-F2"	"Ly-11336"	5765	70	"WC"	"Manning et al. 2016"	"10.5334/joad.40"
"France"	43.29	2.4	"Gazel"	"EN"	"GII-SCN-F1"	"Ly-11334"	5570	70	"WC"	"Manning et al. 2016"	"10.5334/joad.40"
"France"	43.29	2.4	"Gazel"	"EN"	"n/a"	"GrN-6703"	6470	65	"WC"	"Manning et al. 2016"	"10.5334/joad.40"
"France"	43.29	2.4	"Gazel"	"LM"	"n/a"	"Ly-1993"	7730	60	"WC"	"Manning et al. 2016"	"10.5334/joad.40"
"France"	43.29	2.4	"Gazel"	"EN"	"n/a"	"KN-1266"	6460	55	"WC"	"Manning et al. 2016"	"10.5334/joad.40"
"France"	43.29	2.4	"Gazel"	"EN"	"n/a"	"Ly-11340"	6155	55	"WC"	"Manning et al. 2016"	"10.5334/joad.40"
"France"	43.29	2.4	"Gazel"	"EN"	"GIII-SCN-C2d"	"Ly-11332"	5930	55	"WC"	"Manning et al. 2016"	"10.5334/joad.40"
"France"	43.29	2.4	"Gazel"	"LM"	"n/a"	"Ly-1994"	7960	50	"WC"	"Manning et al. 2016"	"10.5334/joad.40"
"France"	43.29	2.4	"Gazel"	"EN"	"n/a"	"Ly-2245"	6815	50	"WC"	"Manning et al. 2016"	"10.5334/joad.40"
"France"	43.29	2.4	"Gazel"	"EN"	"n/a"	"Ly-1992"	6780	50	"WC"	"Manning et al. 2016"	"10.5334/joad.40"
"France"	43.29	2.4	"Gazel"	"EN"	"GIII-SCS-L2"	"Ly-2242"	6400	45	"WC"	"Manning et al. 2016"	"10.5334/joad.40"
"France"	43.29	2.4	"Gazel"	"EN"	"n/a"	"Ly-11338"	6300	45	"WC"	"Manning et al. 2016"	"10.5334/joad.40"
"France"	43.29	2.4	"Gazel"	"EN"	"n/a"	"Ly-11337"	6205	45	"WC"	"Manning et al. 2016"	"10.5334/joad.40"
"France"	43.29	2.4	"Gazel"	"EN"	"n/a"	"KN-1265"	5920	45	"WC"	"Manning et al. 2016"	"10.5334/joad.40"
"France"	43.29	2.4	"Gazel"	"EN"	"n/a"	"Ly-2244"	6690	40	"WC"	"Manning et al. 2016"	"10.5334/joad.40"
"France"	43.29	2.4	"Gazel"	"EN"	"n/a"	"Ly-2243"	6415	40	"WC"	"Manning et al. 2016"	"10.5334/joad.40"
"France"	43.29	2.4	"Gazel"	"EN"	"n/a"	"Ly-11339"	6175	40	"WC"	"Manning et al. 2016"	"10.5334/joad.40"
"France"	43.29	2.4	"Gazel"	"EN"	"GII-SCN-C2f"	"Ly-11335"	5785	35	"WC"	"Manning et al. 2016"	"10.5334/joad.40"
"France"	43.29	2.4	"Gazel"	"EN"	"GII-SCN-C2e base"	"Ly-11333"	5630	35	"WC"	"Manning et al. 2016"	"10.5334/joad.40"
"France"	48.88	2.72	"La Pente de Croupeton"	"LMEN"	"n/a"	"Gd-5812"	7010	60	"WC"	"Manning et al. 2016"	"10.5334/joad.40"
"France"	48.0999	3.2488	"Le Pree des Forges"	"LM"	"n/a"	"Ly-4981"	7950	140	"F"	"Manning et al. 2016"	"10.5334/joad.40"
"France"	43.9544	3.1962	"Roc Troue"	"LMEN"	"C5"	"Gif-7688"	5850	80	"WC"	"Marchand 1999"	"Marchand99"
"France"	43.31	3.35	"Pont de Roque-Haute"	"EN"	"F1"	"Ly-9878"	6820	35	"CE"	"Martins et al. 2015"	"10.1558/jmea.v28i1.27503"
"France"	43.810304	4.336482	"Mas de Vignoles X"	"EN"	"US 1005"	"Erl-9579"	6048	56	"CE"	"Mazzucco et al. 2020"	"10.1371/journal.pone.0232455"
"France"	43.810304	4.336482	"Mas de Vignoles X"	"EN"	"US 1005"	"Erl-9580"	6182	56	"WC"	"Mazzucco et al. 2020"	"10.1371/journal.pone.0232455"
"France"	45.209	5.633	"La Grande Rivoire"	"LM"	"GR08.S16.d28.409.LSBM"	"Beta-255118"	6430	50	"F"	"Nicod et al. 2019"	"10.1080/00934690.2019.1580077"
"France"	45.209	5.633	"La Grande Rivoire"	"LM"	"GR08.S17.d26.486.LSBMG"	"Beta-282246"	6510	40	"F"	"Nicod et al. 2019"	"10.1080/00934690.2019.1580077"
"France"	45.209	5.633	"La Grande Rivoire"	"LM"	"GR08.T17.d28.554.LGM(F)"	"Beta-282247"	6490	40	"F"	"Nicod et al. 2019"	"10.1080/00934690.2019.1580077"
"France"	45.209	5.633	"La Grande Rivoire"	"EN"	"GR13.P17.d140.349.CX/LSGM"	"Ly-11551 (SacA-39068)"	6415	40	"F"	"Nicod et al. 2019"	"10.1080/00934690.2019.1580077"
"France"	45.209	5.633	"La Grande Rivoire"	"EN"	"GR13.Q18.d137.419.LGM/CX"	"Ly-11727 (SacA-39761)"	6240	40	"F"	"Nicod et al. 2019"	"10.1080/00934690.2019.1580077"
"France"	45.209	5.633	"La Grande Rivoire"	"EN"	"GR12.R18.d134.213.LGC(B)"	"Ly-11555 (SacA-39072)"	6180	40	"F"	"Nicod et al. 2019"	"10.1080/00934690.2019.1580077"
"France"	45.209	5.633	"La Grande Rivoire"	"LM"	"GR13.R19.d142.564.CX/LBC"	"Ly-11552 (SacA-39069)"	6490	35	"F"	"Nicod et al. 2019"	"10.1080/00934690.2019.1580077"
"France"	45.209	5.633	"La Grande Rivoire"	"EN"	"GR12.Q19.d131.403.LGC(M)"	"Ly-11554 (SacA-39071)"	6255	35	"F"	"Nicod et al. 2019"	"10.1080/00934690.2019.1580077"
"France"	45.209	5.633	"La Grande Rivoire"	"EN"	"GR12.P17.d127.192.LBC(R)"	"Ly-11557 (SacA-39059)"	6185	35	"F"	"Nicod et al. 2019"	"10.1080/00934690.2019.1580077"
"France"	45.209	5.633	"La Grande Rivoire"	"EN"	"GR13.R18b.d138.LBl(B)"	"Ly-11556 (SacA-39073)"	6150	35	"F"	"Nicod et al. 2019"	"10.1080/00934690.2019.1580077"
"France"	45.209	5.633	"La Grande Rivoire"	"EN"	"GR12.Q18b.d131.LBl(B)"	"Ly-11553 (SacA-39070)"	5995	35	"F"	"Nicod et al. 2019"	"10.1080/00934690.2019.1580077"
"France"	45.209	5.633	"La Grande Rivoire"	"EN"	"GR12.P17.d129.264.LGM/LN"	"Ly-11726 (SacA-39760)"	5925	35	"F"	"Nicod et al. 2019"	"10.1080/00934690.2019.1580077"
"France"	45.209	5.633	"La Grande Rivoire"	"LM"	"GR08.T17.d30.614"	"Beta-255119"	7310	40	"WC"	"Nicod et al. 2019"	"10.1080/00934690.2019.1580077"
"France"	45.209	5.633	"La Grande Rivoire"	"EN"	"B1b"	"Ly-4447"	5820	140	"WC"	"Nicod et Picavet 1999"	"Nicod99"
"France"	42.626	2.949	"Aspres del Paradis"	"EN"	"Pit 5"	"Ly-10069"	5915	50	"F"	"Oms 2008"	"Oms08"
"France"	42.626	2.949	"Aspres del Paradis"	"EN"	"Pit 5"	"GrA-16273"	6030	40	"F"	"Oms 2008"	"Oms08"
"France"	43.76	6.15	"Abri du Capitaine"	"EN"	"C18"	"Gif-1111"	6050	150	"WC"	"Perrin et al. 2018"	"10.1016/j.quaint.2017.05.027"
"France"	43.075	2.475	"Abri Jean Cros"	"EN"	"VI4-2b-92"	"Beta-398981"	6070	30	"F"	"Perrin et al. 2018"	"10.1016/j.quaint.2017.05.027"
"France"	43.075	2.475	"Abri Jean Cros"	"EN"	"XI6-2a-40"	"Beta-398983"	5910	30	"F"	"Perrin et al. 2018"	"10.1016/j.quaint.2017.05.027"
"France"	43.075	2.475	"Abri Jean Cros"	"EN"	"US 2a-b"	"MC-935"	4530	100	"OR"	"Perrin et al. 2018"	"10.1016/j.quaint.2017.05.027"
"France"	43.075	2.475	"Abri Jean Cros"	"EN"	"US 2a-b-c, Q: VI-6"	"Gif-3575"	6600	130	"SH"	"Perrin et al. 2018"	"10.1016/j.quaint.2017.05.027"
"France"	43.075	2.475	"Abri Jean Cros"	"EN"	"US 2a-b"	"MC-785"	4600	100	"WC"	"Perrin et al. 2018"	"10.1016/j.quaint.2017.05.027"
"France"	43.075	2.475	"Abri Jean Cros"	"EN"	"US 2c"	"MC-786"	4450	100	"WC"	"Perrin et al. 2018"	"10.1016/j.quaint.2017.05.027"
"France"	44.27	4.42	"Baume de Montclus"	"EN"	"C4"	"Ly-304"	6140	150	"F"	"Perrin et Defranould 2016"	"10.1016/j.quaint.2015.09.046"
"France"	44.27	4.42	"Baume de Montclus"	"LM"	"C14B"	"Beta-253164"	7320	50	"F"	"Perrin et Defranould 2016"	"10.1016/j.quaint.2015.09.046"
"France"	44.27	4.42	"Baume de Montclus"	"LM"	"C13B"	"Beta-253163"	7190	50	"F"	"Perrin et Defranould 2016"	"10.1016/j.quaint.2015.09.046"
"France"	44.27	4.42	"Baume de Montclus"	"LM"	"C12A"	"Beta-253162"	7170	50	"F"	"Perrin et Defranould 2016"	"10.1016/j.quaint.2015.09.046"
"France"	44.27	4.42	"Baume de Montclus"	"LM"	"C10B"	"Beta-253161"	6990	40	"F"	"Perrin et Defranould 2016"	"10.1016/j.quaint.2015.09.046"
"France"	44.27	4.42	"Baume de Montclus"	"EN"	"C4"	"Beta-253158"	6550	40	"F"	"Perrin et Defranould 2016"	"10.1016/j.quaint.2015.09.046"
"France"	44.27	4.42	"Baume de Montclus"	"LM"	"C14"	"Ly-495"	6440	230	"WC"	"Perrin et Defranould 2016"	"10.1016/j.quaint.2015.09.046"
"France"	44.27	4.42	"Baume de Montclus"	"EN"	"C4"	"Ly-303"	6300	150	"WC"	"Perrin et Defranould 2016"	"10.1016/j.quaint.2015.09.046"
"France"	44.27	4.42	"Baume de Montclus"	"LM"	"C8"	"Ly-494"	6230	150	"WC"	"Perrin et Defranould 2016"	"10.1016/j.quaint.2015.09.046"
"France"	44.27	4.42	"Baume de Montclus"	"EN"	"C4"	"MC-694"	6170	150	"WC"	"Perrin et Defranould 2016"	"10.1016/j.quaint.2015.09.046"
"France"	44.27	4.42	"Baume de Montclus"	"LM"	"C14"	"Ly-496"	7020	140	"WC"	"Perrin et Defranould 2016"	"10.1016/j.quaint.2015.09.046"
"France"	44.27	4.42	"Baume de Montclus"	"LM"	"C23"	"MC-730"	7950	100	"WC"	"Perrin et Defranould 2016"	"10.1016/j.quaint.2015.09.046"
"France"	44.27	4.42	"Baume de Montclus"	"LM"	"C13"	"MC-729"	7200	100	"WC"	"Perrin et Defranould 2016"	"10.1016/j.quaint.2015.09.046"
"France"	44.27	4.42	"Baume de Montclus"	"LM"	"C7-8"	"MC-728"	6880	100	"WC"	"Perrin et Defranould 2016"	"10.1016/j.quaint.2015.09.046"
"France"	44.27	4.42	"Baume de Montclus"	"UM"	"C7-8-9"	"MC-728"	6880	100	"WC"	"Perrin et Defranould 2016"	"10.1016/j.quaint.2015.09.046"
"France"	44.27	4.42	"Baume de Montclus"	NA	"C5"	"MC-695"	6450	100	"WC"	"Perrin et Defranould 2016"	"10.1016/j.quaint.2015.09.046"
"France"	44.87	4.08	"Longetraye"	"EN"	"C1"	"Ly-616"	6210	170	"WC"	"Philibert 1982"	"10.3406/racf.1982.2326"
"France"	45.62	6.01	"Le Creux des Elaphes"	"LM"	"Eboulis"	"Ly-8054"	7190	50	"F"	"Philippe et Guibot 2001"	"Philippe01"
"France"	45.62	6.01	"Le Creux des Elaphes"	"LM"	"Eboulis"	"KIA-7476"	7352	34	"F"	"Philippe et Guibot 2001"	"Philippe01"
"France"	45.209	5.633	"La Grande Rivoire"	"LMEN"	"B2a, 81 inf ./81 b"	"Ly-5185"	6095	80	"F"	"Picavet 1991"	"Picavet91"
"France"	49.02	4.27	"Les Grands Traquiers"	"EN"	"Pit G"	"Ly-4453"	6200	140	"F"	"Pinhasi et al."	"10.1371/journal.pbio.0030410"
"France"	45.6833	5.35	"Alfort"	"EN"	"n/a"	"Ly-386"	6000	60	"F"	"Pinhasi et Ammerman 2005"	"10.1371/journal.pbio.0030410"
"France"	43.59501	7.00635	"Les Breguieres"	"EN"	"C2"	"LTL-8484A"	6144	45	"F"	"Provost et al. 2017"	"10.4000/galliap.620"
"France"	43.59501	7.00635	"Les Breguieres"	"EN"	"C8"	"LTL-13780A"	6101	45	"F"	"Provost et al. 2017"	"10.4000/galliap.620"
"France"	43.59501	7.00635	"Les Breguieres"	"EN"	"C5"	"LTL-8479A"	6032	45	"F"	"Provost et al. 2017"	"10.4000/galliap.620"
"France"	43.59501	7.00635	"Les Breguieres"	"EN"	"C5"	"LTL-8483A"	5971	45	"F"	"Provost et al. 2017"	"10.4000/galliap.620"
"France"	43.59501	7.00635	"Les Breguieres"	"EN"	"C2"	"LTL-12317A"	5870	45	"F"	"Provost et al. 2017"	"10.4000/galliap.620"
"France"	43.59501	7.00635	"Les Breguieres"	"EN"	"C8"	"LTL-13784A"	6151	45	"H"	"Provost et al. 2017"	"10.4000/galliap.620"
"France"	43.59501	7.00635	"Les Breguieres"	"EN"	"C5"	"LTL-8482A"	6104	45	"H"	"Provost et al. 2017"	"10.4000/galliap.620"
"France"	43.59501	7.00635	"Les Breguieres"	"EN"	"C5"	"LTL-12316A"	5964	45	"H"	"Provost et al. 2017"	"10.4000/galliap.620"
"France"	43.59501	7.00635	"Les Breguieres"	"EN"	"n/a"	"LTL-12315A"	5864	45	"H"	"Provost et al. 2017"	"10.4000/galliap.620"
"France"	43.59501	7.00635	"Les Breguieres"	"EN"	"C1"	"LTL-15033A"	5966	45	"WC"	"Provost et al. 2017"	"10.4000/galliap.620"
"France"	43.59501	7.00635	"Les Breguieres"	"EN"	NA	"LTL-18523A"	5920	35	"H"	"Rivollat et al."	"10.1126/sciadv.aaz5344"
"France"	43.49	2.89	"Camprafaud"	"EN"	"C20"	"Gif-3077"	7900	150	"WC"	"Rodriguez 1984"	"Rodriguez84"
"France"	43.49	2.89	"Camprafaud"	"EN"	"C19"	"Gif-1491"	6300	140	"WC"	"Rodriguez 1984"	"Rodriguez84"
"France"	43.49	2.89	"Camprafaud"	"EN"	"C16"	"Gif-1488"	5900	140	"WC"	"Rodriguez 1984"	"Rodriguez84"
"France"	43.49	2.89	"Camprafaud"	"EN"	"C17"	"Gif-1489"	5900	140	"WC"	"Rodriguez 1984"	"Rodriguez84"
"France"	43.49	2.89	"Camprafaud"	"EN"	"C18"	"Gif-1490"	5800	140	"WC"	"Rodriguez 1984"	"Rodriguez84"
"France"	43.49	2.89	"Camprafaud"	"EN"	"C19"	"Gif-3078"	6480	130	"WC"	"Rodriguez 1984"	"Rodriguez84"
"France"	44.12	3.18	"La Poujade"	"LMEN"	"C8b"	"MC-1239"	8010	145	"WC"	"Roussot-Laroque et Burnez 1992"	"Roussot92"
"France"	44.45	4.42	"Combe Obscure"	"EN"	"Niv. 5"	"Ly-423"	6400	160	"WC"	"Saumade 1969"	"https://www.jstor.org/stable/27916776"
"France"	44.092609	4.852488	"Le Baratin"	"EN"	"St. 2"	"Ly-100 (OxA)"	6125	80	"WC"	"Senepart 2014"	"Senepart14"
"France"	44.092609	4.852488	"Le Baratin"	"EN"	"St. 1"	"Ly-252 (OxA)"	6290	70	"WC"	"Senepart 2014"	"Senepart14"
"France"	44.092609	4.852488	"Le Baratin"	"EN"	"St. 5"	"Ly-99 (OxA)"	6145	70	"WC"	"Senepart 2014"	"Senepart14"
"France"	44.092609	4.852488	"Le Baratin"	"EN"	"St.8 F3 "	"Ly-4725"	6355	40	"WC"	"Senepart 2014"	"Senepart14"
"France"	44.092609	4.852488	"Le Baratin"	"EN"	"St. 8, F2/2"	"Ly-4728 (OxA) "	6310	35	"WC"	"Senepart 2014"	"Senepart14"
"France"	44.092609	4.852488	"Le Baratin"	"EN"	"St. 8, F2/1"	"Ly-4727 (OxA) "	6240	35	"WC"	"Senepart 2014"	"Senepart14"
"France"	44.092609	4.852488	"Le Baratin"	"EN"	"St. 8, F1"	"Ly-4726 (OxA)"	6210	35	"WC"	"Senepart 2014"	"Senepart14"
"France"	45.354	5.886	"Aulp du Seuil"	"LMEN"	"C1 "	"Ly-7092"	6690	115	"F"	"Shennan et Steele 2000"	"Shennan00"
"France"	45.354	5.886	"Aulp du Seuil"	"LMEN"	"C2I C3"	"Ly-7096 "	5615	105	"F"	"Shennan et Steele 2000"	"Shennan00"
"France"	45.354	5.886	"Aulp du Seuil"	"LMEN"	"Shelter 1 Hearth G4 C1"	"Ly-8635 "	5490	45	"WC"	"Shennan et Steele 2000"	"Shennan00"
"France"	45.209	5.633	"La Grande Rivoire"	"EN"	"B1 foyer"	"Ly-4446"	5690	100	"WC"	"Shennan et Steele 2000"	"Shennan00"
"France"	44.7	1.72	"Le Sanglier Grotte"	"EN"	"C3B"	"Ly-7791"	6095	100	"F"	"Shennan et Steele 2000"	"Shennan00"
"France"	44.7	1.72	"Le Sanglier Grotte"	"LMEN"	"C4"	"Ly-33 (OxA-4551)"	6915	70	"F"	"Shennan et Steele 2000"	"Shennan00"
"France"	46.7333	0.533333	"Les Rocs"	"LM"	"foyer 92"	"Gif-9957"	7510	90	"WC"	"Shennan et Steele 2000"	"Shennan00"
"France"	46.7333	0.533333	"Les Usclades"	"LM"	"C4A"	"Gif-8436"	6780	80	"WC"	"Shennan et Steele 2000"	"Shennan00"
"France"	46.7333	0.533333	"Les Usclades"	"LM"	"C4B"	"Gif-8745"	7290	60	"WC"	"Shennan et Steele 2000"	"Shennan00"
"France"	43.25	2.71	"l'Horte"	"EN"	"Structure. 11 Square 129"	"Ly-5702"	6450	120	"WC"	"Shennan et Steele 2000"	"Shennan00"
"France"	43.685	6.824	"Lombard"	"EN"	"C3A"	"Ly-3331"	6190	120	"WC"	"Shennan et Steele 2000"	"Shennan00"
"France"	43.685	6.824	"Lombard"	"EN"	"C5A"	"Ly-3332"	6110	120	"WC"	"Shennan et Steele 2000"	"Shennan00"
"France"	43.806724	7.497243	"Pendimoun"	"EN"	"Ens. III INF26C"	"Ly-5691"	6160	130	"WC"	"Shennan et Steele 2000"	"Shennan00"
"France"	43.806724	7.497243	"Pendimoun"	"EN"	"Ens. III INF26B"	"Ly-5692"	6610	110	"WC"	"Shennan et Steele 2000"	"Shennan00"
"France"	43.806724	7.497243	"Pendimoun"	"EN"	"Niv C-D"	"Gif-6471"	6390	100	"WC"	"Shennan et Steele 2000"	"Shennan00"
"France"	43.806724	7.497243	"Pendimoun"	"EN"	"C26B"	"Ly-5339"	6310	90	"WC"	"Shennan et Steele 2000"	"Shennan00"
"France"	43.806724	7.497243	"Pendimoun"	"EN"	"Ens. III INF26C"	"Ly-5690"	6450	80	"WC"	"Shennan et Steele 2000"	"Shennan00"
"France"	45.7833	3.08333	"Pontcharaud"	"EN"	"C1"	"Ly-7625"	7095	50	"F"	"Shennan et Steele 2000"	"Shennan00"
"France"	43.89	6.23	"Ravin De Mouresse Boline"	"LM"	"n/a"	"Gif-8930"	7760	80	"WC"	"Shennan et Steele 2000"	"Shennan00"
"France"	44.303	4.568	"Saint Marcel d'Ardeche, Bidon"	"EN"	"CK"	"MC-2376"	6330	90	"WC"	"Shennan et Steele 2000"	"Shennan00"
"France"	44.89	5.37	"Vassieux en Vercors"	"EN"	"SONDAGE S29 HB XV A -67 CM"	"Ly-800"	5825	65	"WC"	"Shennan et Steele 2000"	"Shennan00"
"France"	44.89	5.37	"Vassieux en Vercors"	"EN"	"SONDAGE S5 EB A -50 CM"	"Ly-799"	5990	60	"WC"	"Shennan et Steele 2000"	"Shennan00"
"France"	45.209	5.633	"La Grande Rivoire"	"EN"	"B1b"	"Ly-176"	6000	70	"F"	"Skeates 2015"	"Skeates15"
"France"	49.02	4.27	"Les Grands Traquiers"	"EN"	NA	"Ly-4454"	6640	170	"WC"	"Tappret et Villes 1996"	"Tappret96"
"France"	42.44	2.34	"Camp del Ginebre"	"MN"	"n/a"	"Ly-267"	5100	60	"F"	"Vignaud 1998"	"Vignaud98"
"France"	42.44	2.34	"Camp del Ginebre"	"MN"	"n/a"	"Ly-226"	5355	45	"WC"	"Vignaud 1998"	"Vignaud98"
"France"	43.58	6.215	"Fontbregoua"	"EN"	"C42"	"Gif-2757"	5690	190	"WC"	"Villa et al. 1986"	"Villa86"
"France"	43.58	6.215	"Fontbregoua"	"EN"	"C42"	"Ly-4376"	6170	100	"WC"	"Willigen 2004"	"10.3406/bspf.2004.13028"
"France"	44.4	4.22	"La Tardive"	"EN"	"C2"	"Gif-7352"	5920	80	"WC"	"Willigen 2004"	"10.3406/bspf.2004.13028"
"France"	43.58	6.215	"Fontbregoua"	"EN"	"C40"	"Gif-2756"	5690	130	"WC"	"Willigen 2006"	"Willigen06"
"France"	43.636852	5.63962	"Mourre de la Barque"	"EN"	"D4"	"ETH-27980"	6285	65	"F"	"Willigen et al. 2009"	"10.1017/S0033822200056137"
"France"	43.636852	5.63962	"Mourre de la Barque"	"EN"	"D4"	"ETH-27978"	6165	65	"F"	"Willigen et al. 2009"	"10.1017/S0033822200056137"
"France"	43.636852	5.63962	"Mourre de la Barque"	"EN"	"D4"	"ETH-27981"	6065	65	"F"	"Willigen et al. 2009"	"10.1017/S0033822200056137"
"France"	43.636852	5.63962	"Mourre de la Barque"	"EN"	"D4"	"ETH-27979"	6225	60	"F"	"Willigen et al. 2009"	"10.1017/S0033822200056137"
"France"	43.636852	5.63962	"Mourre de la Barque"	"EN"	"C6"	"ETH-26417"	6305	55	"OR"	"Willigen et al. 2009"	"10.1017/S0033822200056137"
"France"	45.78	4.8	"Boul.Periph. Nord de Lyon"	"EN"	NA	"OxA-19858"	6062	33	"n/a"	NA	NA
"France"	43.49	2.89	"Camprafaud"	"EN"	"C18"	"Beta-433211"	5910	30	"F"	NA	NA
"France"	42.78	2.08	"Dourgne"	NA	NA	"MC-781"	5000	170	NA	NA	NA
"France"	43.58	6.215	"Fontbregoua"	"EN"	"n/a"	"Ly-6490"	6280	85	"WC"	NA	NA
"France"	43.3	2.34	"Font-Juvenal"	"EN"	"C14"	"Beta-398972"	6310	30	"F"	NA	NA
"France"	43.3	2.34	"Font-Juvenal"	"EN"	"C14"	"Beta-398971"	6250	30	"F"	NA	NA
"France"	43.3	2.34	"Font-Juvenal"	"EN"	"C14"	"Beta-398970"	6180	30	"F"	NA	NA
"France"	43.3	2.34	"Font-Juvenal"	"EN"	"C12b"	"Beta-398976"	6150	30	"F"	NA	NA
"France"	43.3	2.34	"Font-Juvenal"	"EN"	"C13"	"Beta-398974"	6090	30	"F"	NA	NA
"France"	43.3	2.34	"Font-Juvenal"	"EN"	"C13"	"Beta-398973"	6050	30	"F"	NA	NA
"France"	43.3	2.34	"Font-Juvenal"	"EN"	"C13"	"Beta-398975"	6020	30	"F"	NA	NA
"France"	43.3	2.34	"Font-Juvenal"	"EN"	"C12A"	"Beta-398977"	5770	30	"F"	NA	NA
"France"	43.3	2.34	"Font-Juvenal"	"EN"	"C12A"	"Gif-7024"	5835	120	"n/a"	NA	NA
"France"	43.3	2.34	"Font-Juvenal"	"EN"	"C16"	"Gif-7029"	6410	100	"n/a"	NA	NA
"France"	43.3	2.34	"Font-Juvenal"	"EN"	"C13"	"Gif-7026"	6080	70	"n/a"	NA	NA
"France"	43.29	2.4	"Gazel"	"EN"	"SCN-C2a"	"Beta-398946"	6190	30	"F"	NA	NA
"France"	43.29	2.4	"Gazel"	"EN"	"SCS-C2b"	"Beta-398945"	5930	30	"F"	NA	NA
"France"	43.29	2.4	"Gazel"	"EN"	"SCS-C2a"	"Beta-398944"	5870	30	"F"	NA	NA
"France"	43.29	2.4	"Gazel"	"EN"	"SCN-C2b"	"Beta-398947"	5780	30	"F"	NA	NA
"France"	43.29	2.4	"Gazel"	"EN"	"GII-SCN-F1"	"KN-Sm"	6540	200	"n/a"	NA	NA
"France"	44.01	5.17	"Grotte d'Unang"	"LM"	"C11"	"n/a"	6030	170	"WC"	NA	NA
"France"	45.209	5.633	"La Grande Rivoire"	"LM"	"GRIV87.6.55.B3"	"GrA-25066"	7435	45	"F"	NA	NA
"France"	45.209	5.633	"La Grande Rivoire"	"LM"	"GRIV.2.193.B2b"	"GrA-50236"	7030	40	"F"	NA	NA
"France"	45.209	5.633	"La Grande Rivoire"	"LM"	"GRIV89.26.140.B2b"	"Ly-5099"	6649	142	"WC"	NA	NA
"France"	45.209	5.633	"La Grande Rivoire"	"EN"	"GR09.Q17bd.d126.LBM/LGF"	"Ly-9370 (SacA-30348)"	6130	35	"WC"	NA	NA
"France"	45.209	5.633	"La Grande Rivoire"	"EN"	"GR08.R16ac+R17ac.d122.LN"	"Ly-7352 (SacA-20970)"	6090	35	"WC"	NA	NA
"France"	45.209	5.633	"La Grande Rivoire"	"EN"	"GR09.Q17c.d126.LBN"	"Ly-9369 (SacA-30347)"	6290	30	"WC"	NA	NA
"France"	45.209	5.633	"La Grande Rivoire"	"EN"	"GR09.Q19d.d124.LBl(G)"	"Ly-9371 (SacA-30349)"	6055	30	"WC"	NA	NA
"France"	43.806724	7.497243	"Pendimoun"	"EN"	"US 5557"	"Gif-A101340"	6450	90	"WC"	NA	NA
"France"	43.88	5.66	"Saint Mitre: Abri 3"	"EN"	"III couche Y11"	"MC-265"	6100	150	"WC"	NA	NA
"France"	43.88	5.66	"Saint Mitre: Abri 3"	"EN"	"III couche Z8-9"	"MC-264"	6700	130	"WC"	NA	NA
"France"	43.88	5.66	"Saint Mitre: Abri 3"	"EN"	"III couche Y10 coeur 3"	"MC-263"	6400	130	"WC"	NA	NA
